Data,Loja,Status
"02-04-2018 12:18:36",CARE_0001_FA1_CG1,1
"02-04-2018 12:18:36",CARE_0001_FA1_RF1,0
"02-04-2018 12:03:45",CARE_0008_FA1_CG1,1
"02-04-2018 12:03:45",CARE_0008_FA1_RF1,1
"02-04-2018 12:03:59",CARE_0020_FA1_RF1,1
"02-04-2018 12:13:32",CARE_0039_FA1_CG1,1
"02-04-2018 12:13:32",CARE_0039_FA1_RF1,1
"02-04-2018 12:04:29",CARE_0072_FA1_CG1,0
"02-04-2018 12:04:29",CARE_0072_FA1_RF1,0
"02-04-2018 12:04:51",CARE_0143_FA1_CG1,1
"02-04-2018 12:04:51",CARE_0143_FA1_RF1,1
"02-04-2018 12:04:52",CARE_0146_FA1_CG1,1
"02-04-2018 12:04:52",CARE_0146_FA1_RF1,1
"02-04-2018 12:12:27",CARE_0170_FA1_CG1,1
"02-04-2018 12:12:27",CARE_0170_FA1_RF1,1
"02-04-2018 12:12:28",CARE_0183_FA1_CG1,1
"02-04-2018 12:12:28",CARE_0183_FA1_RF1,0
"02-04-2018 12:12:43",CARE_0191_FA1_CG1,1
"02-04-2018 12:12:43",CARE_0191_FA1_RF1,1
"02-04-2018 12:12:51",CARE_0466_FA1_CG1,1
"02-04-2018 12:13:19",CARE_0602_FA1_CG1,1
"02-04-2018 12:13:19",CARE_0602_FA1_RF1,1
"02-04-2018 12:13:37",CARE_1003_FA1_CG1,0
"02-04-2018 12:13:38",CARE_1003_FA1_RF1,0
"02-04-2018 12:13:46",CARE_1017_FA1_CG1,1
"02-04-2018 12:13:46",CARE_1017_FA1_RF1,0
"02-04-2018 12:14:02",CARE_1203_FA1_CG1,0
"02-04-2018 12:14:02",CARE_1203_FA1_RF1,0
"02-04-2018 12:14:59",CARE_1231_FA1_CG1,1
"02-04-2018 12:14:59",CARE_1231_FA1_RF1,1
"02-04-2018 12:15:01",CARE_1240_FA1_CG1,1
"02-04-2018 12:15:01",CARE_1240_FA1_RF1,1
"02-04-2018 12:15:05",CARE_1270_FA1_CG1,1
"02-04-2018 12:15:05",CARE_1270_FA1_RF1,0
"02-04-2018 12:15:06",CARE_1272_FA1_CG1,1
"02-04-2018 12:15:06",CARE_1272_FA1_RF1,1
"02-04-2018 12:15:06",CARE_1273_FA1_CG1,1
"02-04-2018 12:15:06",CARE_1273_FA1_RF1,1
"02-04-2018 12:15:07",CARE_1275_FA1_CG1,1
"02-04-2018 12:15:07",CARE_1275_FA1_RF1,1
"02-04-2018 12:15:08",CARE_1282_FA1_CG1,1
"02-04-2018 12:15:08",CARE_1282_FA1_RF1,1
"02-04-2018 12:15:25",CARE_1293_FA1_CG1,1
"02-04-2018 12:15:25",CARE_1293_FA1_RF1,1
"02-04-2018 12:15:27",CARE_1297_FA1_CG1,1
"02-04-2018 12:15:27",CARE_1297_FA1_RF1,1
"02-04-2018 12:15:41",CARE_1303_FA1_CG1,1
"02-04-2018 12:15:41",CARE_1303_FA1_RF1,0
"02-04-2018 12:15:42",CARE_1303_FA2_CG1,1
"02-04-2018 12:15:42",CARE_1314_FA1_CG1,1
"02-04-2018 12:15:42",CARE_1314_FA1_RF1,1
"02-04-2018 12:15:43",CARE_1337_FA1_CG1,1
"02-04-2018 12:15:43",CARE_1337_FA1_RF1,1
"02-04-2018 12:15:43",CARE_1337_FA2_RF1,1
"02-04-2018 12:15:44",CARE_1364_FA1_CG1,1
"02-04-2018 12:15:44",CARE_1364_FA1_RF1,1
"02-04-2018 12:15:46",CARE_1390_FA1_CG1,1
"02-04-2018 12:15:46",CARE_1390_FA1_RF1,1
"02-04-2018 12:15:47",CARE_1391_FA1_CG1,1
"02-04-2018 12:15:47",CARE_1391_FA1_RF1,1
"02-04-2018 12:15:48",CARE_1394_FA1_CG1,0
"02-04-2018 12:15:48",CARE_1394_FA1_RF1,0
"02-04-2018 12:16:02",CARE_1397_FA1_CG1,1
"02-04-2018 12:16:02",CARE_1397_FA1_RF1,1
"02-04-2018 12:16:03",CARE_1414_FA1_CG1,1
"02-04-2018 12:16:03",CARE_1414_FA1_RF1,1
"02-04-2018 12:05:55",CARE_1508_FA1_CG1,1
"02-04-2018 12:05:55",CARE_1508_FA1_RF1,1
"02-04-2018 12:05:56",CARE_1510_FA1_CG1,0
"02-04-2018 12:05:56",CARE_1510_FA1_RF1,0
"02-04-2018 12:05:57",CARE_1512_FA1_CG1,0
"02-04-2018 12:05:57",CARE_1512_FA1_RF1,1
"02-04-2018 12:06:07",CARE_1622_FA1_CG1,1
"02-04-2018 12:06:07",CARE_1622_FA1_RF1,1
"02-04-2018 12:06:10",CARE_1642_FA1_CG1,1
"02-04-2018 12:06:10",CARE_1642_FA1_RF1,1
"02-04-2018 12:06:11",CARE_1644_FA1_CG1,1
"02-04-2018 12:06:11",CARE_1644_FA1_RF1,1
"02-04-2018 12:06:12",CARE_1652_FA1_CG1,1
"02-04-2018 12:06:12",CARE_1652_FA1_RF1,1
"02-04-2018 12:06:14",CARE_1677_FA1_CG1,1
"02-04-2018 12:06:14",CARE_1677_FA1_RF1,1
"02-04-2018 12:06:23",CARE_1708_FA1_RF1,1
"02-04-2018 12:07:47",CARE_1747_FA1_CG1,1
"02-04-2018 12:07:47",CARE_1747_FA1_RF1,0
"02-04-2018 12:08:30",CARE_1764_FA1_CG1,1
"02-04-2018 12:08:30",CARE_1764_FA1_RF1,1
"02-04-2018 12:08:58",CARE_1773_FA1_CG1,0
"02-04-2018 12:08:58",CARE_1773_FA1_RF1,0
"02-04-2018 12:09:13",CARE_1776_FA1_CG1,1
"02-04-2018 12:09:13",CARE_1776_FA1_RF1,0
"02-04-2018 12:09:27",CARE_1780_FA1_CG1,1
"02-04-2018 12:09:27",CARE_1780_FA1_RF1,1
"02-04-2018 12:09:34",CARE_1785_FA1_CG1,1
"02-04-2018 12:09:34",CARE_1785_FA1_RF1,1
"02-04-2018 12:09:36",CARE_1789_FA1_CG1,1
"02-04-2018 12:09:36",CARE_1789_FA1_RF1,1
"02-04-2018 12:10:07",CARE_1806_FA1_CG1,1
"02-04-2018 12:10:07",CARE_1806_FA1_RF1,1
"02-04-2018 12:10:15",CARE_1810_FA1_CG1,1
"02-04-2018 12:10:15",CARE_1810_FA1_RF1,1
"02-04-2018 12:10:15",CARE_1811_FA1_CG1,1
"02-04-2018 12:10:15",CARE_1811_FA1_RF1,1
"02-04-2018 12:11:18",CARE_1857_FA1_CG1,0
"02-04-2018 12:11:18",CARE_1857_FA1_RF1,0
"02-04-2018 12:11:19",CARE_1864_FA1_CG1,0
"02-04-2018 12:11:19",CARE_1864_FA1_RF1,0
"02-04-2018 12:11:20",CARE_1866_FA1_CG1,0
"02-04-2018 12:11:20",CARE_1866_FA1_RF1,0
"02-04-2018 12:12:35",CARE_2052_FA1_CG1,0
"02-04-2018 12:12:35",CARE_2052_FA1_RF1,0
"02-04-2018 12:12:35",CARE_2053_FA1_CG1,0
"02-04-2018 12:12:35",CARE_2053_FA1_RF1,0
"02-04-2018 12:12:43",CARE_2073_FA1_CG1,1
"02-04-2018 12:12:43",CARE_2073_FA1_RF1,1
"02-04-2018 12:12:44",CARE_2074_FA1_CG1,1
"02-04-2018 12:12:44",CARE_2074_FA1_RF1,1
"02-04-2018 12:12:44",CARE_2080_FA1_CG1,1
"02-04-2018 12:12:44",CARE_2080_FA1_RF1,1
"02-04-2018 12:12:44",CARE_2081_FA1_CG1,1
"02-04-2018 12:12:44",CARE_2081_FA1_RF1,1
"02-04-2018 12:12:46",CARE_2326_FA1_CG1,1
"02-04-2018 12:12:46",CARE_2326_FA1_RF1,1
"02-04-2018 12:12:56",CARE_2329_FA1_CG1,0
"02-04-2018 12:12:56",CARE_2329_FA1_RF1,0
"02-04-2018 12:12:56",CARE_2329_FA2_CG1,0
"02-04-2018 12:12:56",CARE_2329_FA2_RF1,0
"02-04-2018 12:13:13",CARE_2369_FA1_CG1,1
"02-04-2018 12:13:13",CARE_2369_FA1_RF1,1
"02-04-2018 12:13:14",CARE_2370_FA1_CG1,1
"02-04-2018 12:13:14",CARE_2370_FA1_RF1,1
"02-04-2018 12:13:54",CARE_2381_FA1_CG1,1
"02-04-2018 12:13:54",CARE_2381_FA1_RF1,1
"02-04-2018 12:13:54",CARE_2381_FA2_RF1,1
"02-04-2018 12:12:49",CARE_2628_FA1_CG1,1
"02-04-2018 12:12:49",CARE_2628_FA1_RF1,1
"02-04-2018 12:12:50",CARE_5073_FA1_CG1,1
"02-04-2018 12:12:50",CARE_5073_FA1_RF1,1
"02-04-2018 12:12:50",CARE_5271_FA1_CG1,1
"02-04-2018 12:12:50",CARE_5271_FA1_RF1,1
"02-04-2018 12:12:50",CARE_5273_FA1_CG1,0
"02-04-2018 12:12:50",CARE_5273_FA1_RF1,0
"02-04-2018 12:12:51",CARE_5292_FA1_CG1,0
"02-04-2018 12:12:51",CARE_5292_FA1_RF1,0
"02-04-2018 12:13:17",CPVC_1350_FA1_CG1,1
"02-04-2018 12:13:17",CPVC_1350_FA1_RF1,1
"02-04-2018 12:05:15",CPVC_1612_FA1_RF1,1
"02-04-2018 12:05:15",CPVC_1612_FA2_RF1,1
"02-04-2018 12:18:37",DANF_0003_FA1_CG1,99
"02-04-2018 12:18:37",DANF_0003_FA1_RF1,99
"02-04-2018 12:04:07",DANF_0022_FA1_CG1,1
"02-04-2018 12:04:07",DANF_0022_FA1_RF1,1
"02-04-2018 12:12:46",DANF_0238_FA1_CG1,99
"02-04-2018 12:12:46",DANF_0238_FA1_RF1,99
"02-04-2018 12:13:38",DANF_1005_FA1_CG1,99
"02-04-2018 12:13:38",DANF_1005_FA1_RF1,99
"02-04-2018 12:14:48",DANF_1222_FA1_CG1,99
"02-04-2018 12:14:48",DANF_1222_FA1_RF1,99
"02-04-2018 12:14:48",DANF_1222_FA2_CG1,99
"02-04-2018 12:14:48",DANF_1222_FA2_RF1,99
"02-04-2018 12:15:27",DANF_1298_FA1_CG1,1
"02-04-2018 12:15:27",DANF_1298_FA1_RF1,1
"02-04-2018 12:06:05",DANF_1610_FA1_CG1,99
"02-04-2018 12:06:05",DANF_1610_FA1_RF1,99
"02-04-2018 12:06:05",DANF_1610_FA2_RF1,99
"02-04-2018 12:12:45",DANF_2134_FA1_CG1,99
"02-04-2018 12:12:45",DANF_2134_FA1_RF1,99
"02-04-2018 12:13:12",DANF_2357_FA1_CG1,99
"02-04-2018 12:13:12",DANF_2357_FA1_RF1,99
"02-04-2018 12:04:28",EMER_0050_AFA1_CG1,1
"02-04-2018 12:04:28",EMER_0050_AFA1_RF1,0
"02-04-2018 12:04:29",EMER_0061_AFA1_CG1,0
"02-04-2018 12:04:29",EMER_0061_AFA1_RF1,0
"02-04-2018 12:04:44",EMER_0116_AFA1_CG1,0
"02-04-2018 12:04:44",EMER_0116_AFA1_RF1,0
"02-04-2018 12:12:29",EMER_0185_AFA1_CG1,1
"02-04-2018 12:12:29",EMER_0185_AFA1_RF1,1
"02-04-2018 12:12:44",EMER_0225_AFA1_CG1,0
"02-04-2018 12:12:44",EMER_0225_AFA1_RF1,1
"02-04-2018 12:12:45",EMER_0228_AFA1_CG1,1
"02-04-2018 12:12:45",EMER_0228_AFA1_RF1,1
"02-04-2018 12:12:46",EMER_0255_AFA1_CG1,0
"02-04-2018 12:12:46",EMER_0255_AFA1_RF1,0
"02-04-2018 12:12:47",EMER_0304_AFA1_CG1,0
"02-04-2018 12:12:47",EMER_0304_AFA1_RF1,1
"02-04-2018 12:12:48",EMER_0310_AFA1_CG1,0
"02-04-2018 12:12:48",EMER_0310_AFA1_RF1,0
"02-04-2018 12:12:50",EMER_0459_AFA1_CG1,1
"02-04-2018 12:12:50",EMER_0459_AFA1_RF1,1
"02-04-2018 12:13:28",EMER_0692_AFA1_CG1,0
"02-04-2018 12:13:28",EMER_0692_AFA1_RF1,1
"02-04-2018 12:14:02",EMER_1204_AFA1_CG1,0
"02-04-2018 12:14:02",EMER_1204_AFA1_RF1,0
"02-04-2018 12:14:03",EMER_1205_AFA1_CG1,1
"02-04-2018 12:14:03",EMER_1205_AFA1_RF1,0
"02-04-2018 12:14:04",EMER_1209_AFA1_CG1,0
"02-04-2018 12:14:04",EMER_1209_AFA1_RF1,0
"02-04-2018 12:14:38",EMER_1218_AFA1_CG1,0
"02-04-2018 12:14:38",EMER_1218_AFA1_RF1,0
"02-04-2018 12:14:39",EMER_1219_AFA1_CG1,0
"02-04-2018 12:14:39",EMER_1219_AFA1_RF1,0
"02-04-2018 12:14:40",EMER_1220_AFA1_CG1,0
"02-04-2018 12:14:40",EMER_1220_AFA1_RF1,0
"02-04-2018 12:14:57",EMER_1228_AFA1_CG1,0
"02-04-2018 12:14:57",EMER_1228_AFA1_RF1,0
"02-04-2018 12:14:57",EMER_1229_AFA1_CG1,0
"02-04-2018 12:14:58",EMER_1229_AFA1_RF1,0
"02-04-2018 12:14:58",EMER_1230_AFA1_CG1,0
"02-04-2018 12:14:58",EMER_1230_AFA1_RF1,0
"02-04-2018 12:14:59",EMER_1233_AFA1_CG1,0
"02-04-2018 12:14:59",EMER_1233_AFA1_RF1,0
"02-04-2018 12:15:02",EMER_1249_AFA1_CG1,0
"02-04-2018 12:15:02",EMER_1249_AFA1_RF1,0
"02-04-2018 12:15:02",EMER_1250_AFA1_CG1,0
"02-04-2018 12:15:02",EMER_1250_AFA1_RF1,0
"02-04-2018 12:15:03",EMER_1252_AFA1_CG1,0
"02-04-2018 12:15:03",EMER_1252_AFA1_RF1,0
"02-04-2018 12:15:03",EMER_1253_AFA1_CG1,0
"02-04-2018 12:15:03",EMER_1253_AFA1_RF1,0
"02-04-2018 12:15:04",EMER_1254_AFA1_CG1,0
"02-04-2018 12:15:04",EMER_1254_AFA1_RF1,0
"02-04-2018 12:15:05",EMER_1257_AFA1_CG1,0
"02-04-2018 12:15:05",EMER_1257_AFA1_RF1,0
"02-04-2018 12:15:09",EMER_1284_AFA1_CG1,0
"02-04-2018 12:15:09",EMER_1284_AFA1_RF1,1
"02-04-2018 12:15:26",EMER_1296_AFA1_CG1,0
"02-04-2018 12:15:26",EMER_1296_AFA1_RF1,0
"02-04-2018 12:15:44",EMER_1379_AFA1_CG1,1
"02-04-2018 12:15:44",EMER_1379_AFA1_RF1,1
"02-04-2018 12:15:45",EMER_1381_AFA1_CG1,0
"02-04-2018 12:15:45",EMER_1381_AFA1_RF1,0
"02-04-2018 12:15:46",EMER_1383_AFA1_CG1,1
"02-04-2018 12:15:46",EMER_1383_AFA1_RF1,1
"02-04-2018 12:16:02",EMER_1404_AFA1_CG1,0
"02-04-2018 12:16:02",EMER_1404_AFA1_RF1,0
"02-04-2018 12:16:03",EMER_1410_AFA1_CG1,0
"02-04-2018 12:16:03",EMER_1410_AFA1_RF1,0
"02-04-2018 12:05:57",EMER_1602_AFA1_CG1,0
"02-04-2018 12:05:57",EMER_1602_AFA1_RF1,0
"02-04-2018 12:06:12",EMER_1657_AFA1_CG1,0
"02-04-2018 12:06:12",EMER_1657_AFA1_RF1,1
"02-04-2018 12:06:14",EMER_1685_AFA1_CG1,0
"02-04-2018 12:06:14",EMER_1685_AFA1_RF1,0
"02-04-2018 12:06:14",EMER_1686_AFA1_CG1,0
"02-04-2018 12:06:14",EMER_1686_AFA1_RF1,0
"02-04-2018 12:06:15",EMER_1704_AFA1_CG1,1
"02-04-2018 12:06:15",EMER_1704_AFA1_RF1,0
"02-04-2018 12:06:23",EMER_1710_AFA1_CG1,0
"02-04-2018 12:06:23",EMER_1710_AFA1_RF1,0
"02-04-2018 12:06:44",EMER_1722_AFA1_CG1,0
"02-04-2018 12:06:44",EMER_1722_AFA1_RF1,0
"02-04-2018 12:06:52",EMER_1738_AFA1_CG1,1
"02-04-2018 12:06:52",EMER_1738_AFA1_RF1,1
"02-04-2018 12:08:01",EMER_1752_AFA1_CG1,1
"02-04-2018 12:08:01",EMER_1752_AFA1_RF1,1
"02-04-2018 12:08:45",EMER_1770_AFA1_CG1,0
"02-04-2018 12:08:45",EMER_1770_AFA1_RF1,0
"02-04-2018 12:10:23",EMER_1829_AFA1_CG1,1
"02-04-2018 12:10:23",EMER_1829_AFA1_RF1,1
"02-04-2018 12:10:24",EMER_1832_AFA1_CG1,1
"02-04-2018 12:10:24",EMER_1832_AFA1_RF1,0
"02-04-2018 12:10:24",EMER_1833_AFA1_CG1,0
"02-04-2018 12:10:24",EMER_1833_AFA1_RF1,0
"02-04-2018 12:11:19",EMER_1860_AFA1_CG1,0
"02-04-2018 12:11:19",EMER_1860_AFA1_RF1,1
"02-04-2018 12:12:36",EMER_2068_AFA1_CG1,0
"02-04-2018 12:12:36",EMER_2068_AFA1_RF1,0
"02-04-2018 12:12:57",EMER_2336_AFA1_CG1,1
"02-04-2018 12:12:57",EMER_2336_AFA1_RF1,1
"02-04-2018 12:13:13",EMER_2360_AFA1_CG1,0
"02-04-2018 12:13:13",EMER_2360_AFA1_RF1,1
"02-04-2018 12:13:14",EMER_2372_AFA1_CG1,0
"02-04-2018 12:13:14",EMER_2372_AFA1_RF1,0
"02-04-2018 12:13:28",EMER_2375_AFA1_CG1,0
"02-04-2018 12:13:28",EMER_2375_AFA1_RF1,0
"02-04-2018 12:13:29",EMER_2378_AFA1_CG1,0
"02-04-2018 12:13:29",EMER_2378_AFA1_RF1,0
"02-04-2018 12:13:29",EMER_2379_AFA1_CG1,0
"02-04-2018 12:13:29",EMER_2379_AFA1_RF1,0
"02-04-2018 12:13:55",EMER_2382_AFA1_CG1,0
"02-04-2018 12:13:55",EMER_2382_AFA1_RF1,0
"02-04-2018 12:14:02",EMER_2384_AFA1_CG1,0
"02-04-2018 12:14:02",EMER_2384_AFA1_RF1,0
"02-04-2018 12:14:45",EMER_2400_AFA1_CG1,0
"02-04-2018 12:14:45",EMER_2400_AFA1_RF1,0
"02-04-2018 12:07:30",EMER_2435_AFA1_CG1,0
"02-04-2018 12:07:30",EMER_2435_AFA1_RF1,0
"02-04-2018 12:07:50",EMER_2457_AFA1_CG1,0
"02-04-2018 12:07:50",EMER_2457_AFA1_RF1,0
"02-04-2018 12:07:51",EMER_2459_AFA1_CG1,0
"02-04-2018 12:07:51",EMER_2459_AFA1_RF1,0
"02-04-2018 12:08:19",EMER_2469_AFA1_CG1,1
"02-04-2018 12:08:19",EMER_2469_AFA1_RF1,0
"02-04-2018 12:12:49",EMER_3324_AFA1_CG1,0
"02-04-2018 12:12:49",EMER_3324_AFA1_RF1,0
"02-04-2018 12:04:29",EVCO_0076_FA1_CG1,0
"02-04-2018 12:04:29",EVCO_0076_FA1_RF1,1
"02-04-2018 12:04:37",EVCO_0106_FA1_CG1,1
"02-04-2018 12:04:37",EVCO_0106_FA1_RF1,1
"02-04-2018 12:04:51",EVCO_0145_FA1_CG1,1
"02-04-2018 12:04:51",EVCO_0145_FA1_RF1,1
"02-04-2018 12:12:29",EVCO_0186_FA1_CG1,1
"02-04-2018 12:12:29",EVCO_0186_FA1_RF1,1
"02-04-2018 12:12:49",EVCO_0458_FA1_CG1,1
"02-04-2018 12:12:49",EVCO_0458_FA1_RF1,1
"02-04-2018 12:13:20",EVCO_0608_FA1_CG1,1
"02-04-2018 12:13:20",EVCO_0608_FA1_RF1,1
"02-04-2018 12:13:20",EVCO_0608_FA2_CG1,1
"02-04-2018 12:13:37",EVCO_1002_FA1_CG1,1
"02-04-2018 12:13:37",EVCO_1002_FA1_RF1,1
"02-04-2018 12:15:10",EVCO_1289_FA1_CG1,1
"02-04-2018 12:15:10",EVCO_1289_FA1_RF1,0
"02-04-2018 12:15:10",EVCO_1290_FA1_CG1,0
"02-04-2018 12:15:10",EVCO_1290_FA1_RF1,0
"02-04-2018 12:15:11",EVCO_1291_FA1_CG1,1
"02-04-2018 12:15:11",EVCO_1291_FA1_RF1,1
"02-04-2018 12:06:06",EVCO_1615_FA1_CG1,1
"02-04-2018 12:06:06",EVCO_1615_FA1_RF1,1
"02-04-2018 12:06:07",EVCO_1629_FA1_CG1,0
"02-04-2018 12:06:07",EVCO_1629_FA1_RF1,1
"02-04-2018 12:06:08",EVCO_1632_FA1_CG1,1
"02-04-2018 12:06:08",EVCO_1632_FA1_RF1,1
"02-04-2018 12:06:09",EVCO_1640_FA1_CG1,1
"02-04-2018 12:06:09",EVCO_1640_FA1_RF1,1
"02-04-2018 12:06:11",EVCO_1643_FA1_CG1,0
"02-04-2018 12:06:11",EVCO_1643_FA1_RF1,0
"02-04-2018 12:06:13",EVCO_1669_FA1_CG1,1
"02-04-2018 12:06:13",EVCO_1669_FA1_RF1,0
"02-04-2018 12:06:52",EVCO_1734_FA1_CG1,1
"02-04-2018 12:06:52",EVCO_1734_FA1_RF1,1
"02-04-2018 12:07:20",EVCO_1743_FA1_CG1,0
"02-04-2018 12:07:20",EVCO_1743_FA1_RF1,1
"02-04-2018 12:08:15",EVCO_1758_FA1_CG1,1
"02-04-2018 12:08:15",EVCO_1758_FA1_RF1,1
"02-04-2018 12:08:15",EVCO_1759_FA1_CG1,1
"02-04-2018 12:08:15",EVCO_1759_FA1_RF1,1
"02-04-2018 12:08:44",EVCO_1768_FA1_CG1,1
"02-04-2018 12:08:44",EVCO_1768_FA1_RF1,0
"02-04-2018 12:09:35",EVCO_1786_FA1_CG1,0
"02-04-2018 12:09:35",EVCO_1786_FA1_RF1,0
"02-04-2018 12:09:35",EVCO_1788_FA1_CG1,0
"02-04-2018 12:09:35",EVCO_1788_FA1_RF1,0
"02-04-2018 12:10:00",EVCO_1796_FA1_CG1,1
"02-04-2018 12:10:00",EVCO_1796_FA1_RF1,1
"02-04-2018 12:10:16",EVCO_1814_FA1_CG1,1
"02-04-2018 12:10:16",EVCO_1814_FA1_RF1,1
"02-04-2018 12:10:25",EVCO_1835_FA1_CG1,0
"02-04-2018 12:10:25",EVCO_1835_FA1_RF1,0
"02-04-2018 12:10:25",EVCO_1835_FA2_CG1,0
"02-04-2018 12:12:34",EVCO_1887_FA1_CG1,1
"02-04-2018 12:12:34",EVCO_1887_FA1_RF1,1
"02-04-2018 12:12:46",EVCO_2318_FA1_CG1,1
"02-04-2018 12:12:46",EVCO_2318_FA1_RF1,1
"02-04-2018 12:12:57",EVCO_2333_FA1_CG1,1
"02-04-2018 12:12:57",EVCO_2333_FA1_RF1,1
"02-04-2018 12:12:58",EVCO_2352_FA1_CG1,1
"02-04-2018 12:12:58",EVCO_2352_FA1_RF1,0
"02-04-2018 12:07:29",EVCO_2430_FA1_CG1,1
"02-04-2018 12:07:29",EVCO_2430_FA1_RF1,1
"02-04-2018 12:07:51",EVCO_2461_FA1_CG1,1
"02-04-2018 12:07:51",EVCO_2461_FA1_RF1,1
"02-04-2018 12:08:05",EVCO_2464_FA1_CG1,1
"02-04-2018 12:08:05",EVCO_2464_FA1_RF1,0
"02-04-2018 12:03:39",HONE_0007_FA1_CG1,1
"02-04-2018 12:03:45",HONE_0007_FA1_RF1,1
"02-04-2018 12:03:49",HONE_0018_FA1_CG1,1
"02-04-2018 12:03:59",HONE_0018_FA1_RF1,1
"02-04-2018 12:04:02",HONE_0021_FA1_CG1,1
"02-04-2018 12:04:07",HONE_0021_FA1_RF1,0
"02-04-2018 12:04:09",HONE_0025_FA1_CG1,1
"02-04-2018 12:04:14",HONE_0025_FA1_RF1,1
"02-04-2018 12:04:17",HONE_0037_FA1_CG1,0
"02-04-2018 12:04:27",HONE_0037_FA1_RF1,1
"02-04-2018 12:04:31",HONE_0087_FA1_CG1,1
"02-04-2018 12:04:36",HONE_0087_FA1_RF1,1
"02-04-2018 12:04:38",HONE_0107_FA1_CG1,1
"02-04-2018 12:04:43",HONE_0107_FA1_RF1,1
"02-04-2018 12:04:45",HONE_0122_FA1_CG1,0
"02-04-2018 12:04:50",HONE_0122_FA1_RF1,0
"02-04-2018 12:04:54",HONE_0147_FA1_CG1,1
"02-04-2018 12:04:59",HONE_0147_FA1_RF1,1
"02-04-2018 12:12:32",HONE_0189_FA1_CG1,0
"02-04-2018 12:12:42",HONE_0189_FA1_RF1,1
"02-04-2018 12:12:52",HONE_0516_FA1_CG1,0
"02-04-2018 12:12:58",HONE_0516_FA1_RF1,0
"02-04-2018 12:12:59",HONE_0531_FA1_CG1,1
"02-04-2018 12:13:04",HONE_0531_FA1_RF1,1
"02-04-2018 12:13:07",HONE_0597_FA1_CG1,0
"02-04-2018 12:13:18",HONE_0597_FA1_RF1,0
"02-04-2018 12:13:22",HONE_0646_FA1_CG1,1
"02-04-2018 12:13:27",HONE_0646_FA1_RF1,1
"02-04-2018 12:13:30",HONE_0697_FA1_CG1,0
"02-04-2018 12:13:36",HONE_0697_FA1_RF1,0
"02-04-2018 12:13:40",HONE_1013_FA1_CG1,1
"02-04-2018 12:13:45",HONE_1013_FA1_RF1,1
"02-04-2018 12:13:49",HONE_1020_FA1_CG1,0
"02-04-2018 12:13:54",HONE_1020_FA1_RF1,0
"02-04-2018 12:13:55",HONE_1021_FA1_CG1,1
"02-04-2018 12:14:01",HONE_1021_FA1_RF1,1
"02-04-2018 12:14:07",HONE_1214_FA1_CG1,1
"02-04-2018 12:14:17",HONE_1214_FA1_RF1,0
"02-04-2018 12:14:19",HONE_1216_FA1_CG1,0
"02-04-2018 12:14:24",HONE_1216_FA1_RF1,0
"02-04-2018 12:14:27",HONE_1217_FA1_CG1,1
"02-04-2018 12:14:37",HONE_1217_FA1_RF1,1
"02-04-2018 12:14:42",HONE_1221_FA1_CG1,1
"02-04-2018 12:14:48",HONE_1221_FA1_RF1,1
"02-04-2018 12:14:50",HONE_1223_FA1_CG1,1
"02-04-2018 12:14:56",HONE_1223_FA1_RF1,1
"02-04-2018 12:15:14",HONE_1292_FA1_CG1,1
"02-04-2018 12:15:24",HONE_1292_FA1_RF1,0
"02-04-2018 12:15:31",HONE_1299_FA1_CG1,0
"02-04-2018 12:15:41",HONE_1299_FA1_RF1,1
"02-04-2018 12:15:51",HONE_1395_FA1_CG1,0
"02-04-2018 12:16:01",HONE_1395_FA1_RF1,1
"02-04-2018 12:16:06",HONE_1499_FA1_CG1,1
"02-04-2018 12:16:16",HONE_1499_FA1_RF1,1
"02-04-2018 12:05:45",HONE_1507_FA1_CG1,1
"02-04-2018 12:05:55",HONE_1507_FA1_RF1,1
"02-04-2018 12:05:59",HONE_1609_FA1_CG1,1
"02-04-2018 12:06:04",HONE_1609_FA1_RF1,0
"02-04-2018 12:06:17",HONE_1706_FA1_CG1,0
"02-04-2018 12:06:22",HONE_1706_FA1_RF1,0
"02-04-2018 12:06:25",HONE_1711_FA1_CG1,0
"02-04-2018 12:06:30",HONE_1711_FA1_RF1,1
"02-04-2018 12:06:33",HONE_1712_FA1_CG1,1
"02-04-2018 12:06:44",HONE_1712_FA1_RF1,1
"02-04-2018 12:06:46",HONE_1726_FA1_CG1,1
"02-04-2018 12:06:51",HONE_1726_FA1_RF1,1
"02-04-2018 12:06:56",HONE_1739_FA1_RF1,0
"02-04-2018 12:07:09",HONE_1741_FA1_CG1,0
"02-04-2018 12:07:19",HONE_1741_FA1_RF1,0
"02-04-2018 12:07:23",HONE_1745_FA1_CG1,0
"02-04-2018 12:07:33",HONE_1745_FA1_RF1,1
"02-04-2018 12:07:36",HONE_1746_FA1_CG1,0
"02-04-2018 12:07:46",HONE_1746_FA1_RF1,0
"02-04-2018 12:07:50",HONE_1748_FA1_CG1,1
"02-04-2018 12:08:04",HONE_1754_FA1_CG1,1
"02-04-2018 12:08:14",HONE_1754_FA1_RF1,1
"02-04-2018 12:08:17",HONE_1761_FA1_CG1,1
"02-04-2018 12:08:22",HONE_1761_FA1_RF1,1
"02-04-2018 12:08:24",HONE_1763_FA1_CG1,1
"02-04-2018 12:08:29",HONE_1763_FA1_RF1,1
"02-04-2018 12:08:32",HONE_1765_FA1_CG1,1
"02-04-2018 12:08:37",HONE_1765_FA1_RF1,1
"02-04-2018 12:08:38",HONE_1766_FA1_CG1,1
"02-04-2018 12:08:44",HONE_1766_FA1_RF1,1
"02-04-2018 12:08:48",HONE_1771_FA1_CG1,0
"02-04-2018 12:08:58",HONE_1771_FA1_RF1,0
"02-04-2018 12:09:01",HONE_1774_FA1_CG1,1
"02-04-2018 12:09:13",HONE_1774_FA1_RF1,1
"02-04-2018 12:09:16",HONE_1777_FA1_CG1,1
"02-04-2018 12:09:26",HONE_1777_FA1_RF1,1
"02-04-2018 12:09:29",HONE_1781_FA1_CG1,1
"02-04-2018 12:09:34",HONE_1781_FA1_RF1,0
"02-04-2018 12:09:37",HONE_1792_FA1_CG1,0
"02-04-2018 12:09:53",HONE_1792_FA1_RF1,0
"02-04-2018 12:09:54",HONE_1793_FA1_CG1,0
"02-04-2018 12:10:00",HONE_1793_FA1_RF1,0
"02-04-2018 12:10:02",HONE_1798_FA1_CG1,0
"02-04-2018 12:10:07",HONE_1798_FA1_RF1,1
"02-04-2018 12:10:09",HONE_1808_FA1_CG1,0
"02-04-2018 12:10:14",HONE_1808_FA1_RF1,1
"02-04-2018 12:10:18",HONE_1818_FA1_CG1,1
"02-04-2018 12:10:23",HONE_1818_FA1_RF1,1
"02-04-2018 12:10:28",HONE_1848_FA1_CG1,1
"02-04-2018 12:10:38",HONE_1848_FA1_RF1,1
"02-04-2018 12:10:41",HONE_1849_FA1_CG1,1
"02-04-2018 12:10:51",HONE_1849_FA1_RF1,1
"02-04-2018 12:10:54",HONE_1850_FA1_CG1,1
"02-04-2018 12:11:05",HONE_1850_FA1_RF1,1
"02-04-2018 12:11:07",HONE_1853_FA1_CG1,0
"02-04-2018 12:11:18",HONE_1853_FA1_RF1,0
"02-04-2018 12:11:23",HONE_1867_FA1_CG1,1
"02-04-2018 12:11:33",HONE_1867_FA1_RF1,1
"02-04-2018 12:11:36",HONE_1873_FA1_CG1,0
"02-04-2018 12:11:59",HONE_1873_FA1_RF1,1
"02-04-2018 12:12:01",HONE_1875_FA1_CG1,1
"02-04-2018 12:12:12",HONE_1875_FA1_RF1,0
"02-04-2018 12:12:13",HONE_1877_FA1_CG1,1
"02-04-2018 12:12:21",HONE_1877_FA1_RF1,1
"02-04-2018 12:12:24",HONE_1878_FA1_CG1,1
"02-04-2018 12:12:34",HONE_1878_FA1_RF1,1
"02-04-2018 12:12:38",HONE_2071_FA1_CG1,1
"02-04-2018 12:12:43",HONE_2071_FA1_RF1,1
"02-04-2018 12:12:48",HONE_2327_FA1_CG1,0
"02-04-2018 12:12:56",HONE_2327_FA1_RF1,1
"02-04-2018 12:13:01",HONE_2354_FA1_CG1,1
"02-04-2018 12:13:12",HONE_2354_FA1_RF1,0
"02-04-2018 12:13:17",HONE_2373_FA1_CG1,0
"02-04-2018 12:13:27",HONE_2373_FA1_RF1,0
"02-04-2018 12:13:33",HONE_2380_FA1_CG1,1
"02-04-2018 12:13:54",HONE_2380_FA1_RF1,0
"02-04-2018 12:13:57",HONE_2383_FA1_CG1,0
"02-04-2018 12:14:02",HONE_2383_FA1_RF1,0
"02-04-2018 12:18:32",HONE_2416_FA1_CG1,0
"02-04-2018 12:18:37",HONE_2416_FA1_RF1,1
"02-04-2018 12:03:39",HONE_2428_FA1_CG1,1
"02-04-2018 12:03:44",HONE_2428_FA1_RF1,1
"02-04-2018 12:07:32",HONE_2449_FA1_CG1,1
"02-04-2018 12:07:37",HONE_2449_FA1_RF1,1
"02-04-2018 12:07:40",HONE_2450_FA1_CG1,1
"02-04-2018 12:07:50",HONE_2450_FA1_RF1,1
"02-04-2018 12:07:54",HONE_2462_FA1_CG1,1
"02-04-2018 12:08:04",HONE_2462_FA1_RF1,0
"02-04-2018 12:08:07",HONE_2468_FA1_CG1,0
"02-04-2018 12:08:18",HONE_2468_FA1_RF1,0
"02-04-2018 12:08:22",HONE_2474_FA1_CG1,1
"02-04-2018 12:08:32",HONE_2474_FA1_RF1,1
"02-04-2018 12:08:35",HONE_2481_FA1_CG1,1
"02-04-2018 12:08:45",HONE_2481_FA1_RF1,1
"02-04-2018 12:08:48",HONE_2484_FA1_CG1,0
"02-04-2018 12:08:58",HONE_2484_FA1_RF1,1
"02-04-2018 12:12:43",HONE_2490_FA1_CG1,1
"02-04-2018 12:12:48",HONE_2490_FA1_RF1,0
